z_m,Bx_T,By_T,Bz_T
-1.000000000000000021e-03,-3.188267253617980616e-11,-2.229911443246908907e-09,8.446738431196535490e-06
-9.950000000000000077e-04,-3.181347212987310008e-11,-2.224741451448979681e-09,8.457762987749107715e-06
-9.899999999999999946e-04,-3.174322972167425015e-11,-2.219501248460113151e-09,8.468756263446717105e-06
-9.849999999999999815e-04,-3.167194400072118833e-11,-2.214190772416313373e-09,8.479717969792052631e-06
-9.799999999999999684e-04,-3.159961371423564203e-11,-2.208809965278582121e-09,8.490647818187797472e-06
-9.750000000000000637e-04,-3.152623766818611933e-11,-2.203358772859505299e-09,8.501545519951499526e-06
-9.700000000000000505e-04,-3.145181472736855914e-11,-2.197837144848926557e-09,8.512410786330382628e-06
-9.650000000000000374e-04,-3.137634381609123669e-11,-2.192245034841410930e-09,8.523243328516388160e-06
-9.600000000000000243e-04,-3.129982391874427744e-11,-2.186582400360994494e-09,8.534042857661220050e-06
-9.550000000000000112e-04,-3.122225407990967206e-11,-2.180849202887533378e-09,8.544809084891504970e-06
-9.499999999999999981e-04,-3.114363340519466092e-11,-2.175045407881455492e-09,8.555541721324088055e-06
-9.449999999999999850e-04,-3.106396106132851419e-11,-2.169170984809262915e-09,8.566240478081276109e-06
-9.399999999999999719e-04,-3.098323627673039139e-11,-2.163225907168138863e-09,8.576905066306358635e-06
-9.350000000000000672e-04,-3.090145834200689047e-11,-2.157210152510578653e-09,8.587535197179039083e-06
-9.300000000000000541e-04,-3.081862661025893183e-11,-2.151123702468182718e-09,8.598130581931084630e-06
-9.250000000000000409e-04,-3.073474049754704744e-11,-2.144966542775966210e-09,8.608690931861928529e-06
-9.200000000000000278e-04,-3.064979948351259345e-11,-2.138738663295775653e-09,8.619215958354472349e-06
-9.150000000000000147e-04,-3.056380311126897598e-11,-2.132440058039283324e-09,8.629705372890920419e-06
-9.100000000000000016e-04,-3.047675098815024952e-11,-2.126070725191235580e-09,8.640158887068651522e-06
-9.049999999999999885e-04,-3.038864278644441257e-11,-2.119630667132118842e-09,8.650576212616261704e-06
-8.999999999999999754e-04,-3.029947824309479546e-11,-2.113119890459978972e-09,8.660957061409524070e-06
-8.949999999999999623e-04,-3.020925716050987013e-11,-2.106538406012501200e-09,8.671301145487683999e-06
-8.900000000000000576e-04,-3.011797940668898161e-11,-2.099886228888759187e-09,8.681608177069520587e-06
-8.850000000000000444e-04,-3.002564491620131627e-11,-2.093163378470504996e-09,8.691877868569740118e-06
-8.800000000000000313e-04,-2.993225368971523605e-11,-2.086369878442834964e-09,8.702109932615254351e-06
-8.750000000000000182e-04,-2.983780579496483899e-11,-2.079505756814378693e-09,8.712304082061663772e-06
-8.700000000000000051e-04,-2.974230136683226372e-11,-2.072571045937954170e-09,8.722460030009693429e-06
-8.649999999999999920e-04,-2.964574060785764632e-11,-2.065565782530460629e-09,8.732577489821830347e-06
-8.599999999999999789e-04,-2.954812378855220815e-11,-2.058490007691302344e-09,8.742656175138869475e-06
-8.550000000000000742e-04,-2.944945124758354432e-11,-2.051343766922582595e-09,8.752695799896659522e-06
-8.500000000000000611e-04,-2.934972339261852073e-11,-2.044127110146863231e-09,8.762696078342806452e-06
-8.450000000000000479e-04,-2.924894069960114543e-11,-2.036840091725680280e-09,8.772656725053541295e-06
-8.400000000000000348e-04,-2.914710371436019409e-11,-2.029482770477150492e-09,8.782577454950562550e-06
-8.350000000000000217e-04,-2.904421305216584120e-11,-2.022055209694041513e-09,8.792457983317959904e-06
-8.300000000000000086e-04,-2.894026939820859770e-11,-2.014557477159719922e-09,8.802298025819244677e-06
-8.249999999999999955e-04,-2.883527350771222104e-11,-2.006989645165523271e-09,8.812097298514309115e-06
-8.199999999999999824e-04,-2.872922620666370217e-11,-1.999351790526662215e-09,8.821855517876661817e-06
-8.149999999999999693e-04,-2.862212839170449122e-11,-1.991643994597903029e-09,8.831572400810402273e-06
-8.099999999999999561e-04,-2.851398103065906592e-11,-1.983866343288824131e-09,8.841247664667576574e-06
-8.049999999999999430e-04,-2.840478516278680813e-11,-1.976018927078682582e-09,8.850881027265351846e-06
-8.000000000000000383e-04,-2.829454189872286040e-11,-1.968101841030998106e-09,8.860472206903285562e-06
-7.950000000000000252e-04,-2.818325242132929483e-11,-1.960115184807460897e-09,8.870020922380764255e-06
-7.900000000000000121e-04,-2.807091798550692947e-11,-1.952059062681298851e-09,8.879526893014269437e-06
-7.849999999999999990e-04,-2.795753991845671741e-11,-1.943933583550207232e-09,8.888989838654901018e-06
-7.799999999999999859e-04,-2.784311962032577482e-11,-1.935738860949679925e-09,8.898409479705812630e-06
-7.749999999999999728e-04,-2.772765856389801540e-11,-1.927475013063935665e-09,8.907785537139699473e-06
-7.700000000000000681e-04,-2.761115829526954339e-11,-1.919142162738485806e-09,8.917117732516392878e-06
-7.650000000000000550e-04,-2.749362043357113441e-11,-1.910740437491406726e-09,8.926405788000363401e-06
-7.600000000000000418e-04,-2.737504667187689343e-11,-1.902269969523313141e-09,8.935649426378433974e-06
-7.550000000000000287e-04,-2.725543877678818286e-11,-1.893730895727834763e-09,8.944848371077330425e-06
-7.500000000000000156e-04,-2.713479858892083199e-11,-1.885123357701779456e-09,8.954002346181442069e-06
-7.450000000000000025e-04,-2.701312802300315783e-11,-1.876447501753901759e-09,8.963111076450445074e-06
-7.399999999999999894e-04,-2.689042906813073679e-11,-1.867703478913600283e-09,8.972174287337115564e-06
-7.349999999999999763e-04,-2.676670378777178134e-11,-1.858891444939477370e-09,8.981191705005020748e-06
-7.299999999999999632e-04,-2.664195432020471854e-11,-1.850011560326594920e-09,8.990163056346340493e-06
-7.249999999999999500e-04,-2.651618287856906165e-11,-1.841063990314363415e-09,8.999088068999646549e-06
-7.199999999999999369e-04,-2.638939175074298742e-11,-1.832048904892388640e-09,9.007966471367734283e-06
-7.149999999999999238e-04,-2.626158329981979211e-11,-1.822966478807222098e-09,9.016797992635442558e-06
-7.100000000000000191e-04,-2.613275996420384443e-11,-1.813816891567853280e-09,9.025582362787536297e-06
-7.050000000000000060e-04,-2.600292425737401190e-11,-1.804600327450957510e-09,9.034319312626538215e-06
-6.999999999999999929e-04,-2.587207876861054580e-11,-1.795316975505052936e-09,9.043008573790643569e-06
-6.949999999999999798e-04,-2.574022616259927528e-11,-1.785967029554839095e-09,9.051649878771570530e-06
-6.900000000000000751e-04,-2.560736917957243480e-11,-1.776550688205056539e-09,9.060242960932476624e-06
-6.850000000000000620e-04,-2.547351063571584385e-11,-1.767068154842548373e-09,9.068787554525873477e-06
-6.800000000000000488e-04,-2.533865342301339695e-11,-1.757519637639791905e-09,9.077283394711489048e-06
-6.750000000000000357e-04,-2.520280050915814176e-11,-1.747905349555641865e-09,9.085730217574250139e-06
-6.700000000000000226e-04,-2.506595493795490921e-11,-1.738225508337808848e-09,9.094127760142078554e-06
-6.650000000000000095e-04,-2.492811982907277976e-11,-1.728480336522331779e-09,9.102475760403912574e-06
-6.599999999999999964e-04,-2.478929837857840804e-11,-1.718670061435081104e-09,9.110773957327509897e-06
-6.549999999999999833e-04,-2.464949385794009743e-11,-1.708794915190358170e-09,9.119022090877414898e-06
-6.499999999999999702e-04,-2.450870961546626711e-11,-1.698855134690653067e-09,9.127219902032836108e-06
-6.449999999999999570e-04,-2.436694907500512420e-11,-1.688850961624811387e-09,9.135367132805442375e-06
-6.399999999999999439e-04,-2.422421573683471002e-11,-1.678782642465937945e-09,9.143463526257319965e-06
-6.349999999999999308e-04,-2.408051317718272180e-11,-1.668650428468946873e-09,9.151508826518814461e-06
-6.299999999999999177e-04,-2.393584504841821176e-11,-1.658454575667509119e-09,9.159502778806342173e-06
-6.250000000000000130e-04,-2.379021507904166098e-11,-1.648195344869503987e-09,9.167445129440108376e-06
-6.199999999999999999e-04,-2.364362707341635244e-11,-1.637873001653577033e-09,9.175335625862106754e-06
-6.149999999999999868e-04,-2.349608491192077909e-11,-1.627487816363763802e-09,9.183174016653727526e-06
-6.099999999999999737e-04,-2.334759255099124362e-11,-1.617040064103600719e-09,9.190960051553534972e-06
-6.050000000000000690e-04,-2.319815402284144428e-11,-1.606530024730722148e-09,9.198693481475053431e-06
-6.000000000000000559e-04,-2.304777343544882636e-11,-1.595957982849571486e-09,9.206374058524382197e-06
-5.950000000000000427e-04,-2.289645497254941229e-11,-1.585324227804180910e-09,9.214001536017879873e-06
-5.900000000000000296e-04,-2.274420289335139044e-11,-1.574629053670612187e-09,9.221575668499799601e-06
-5.850000000000000165e-04,-2.259102153280870501e-11,-1.563872759247858720e-09,9.229096211759885317e-06
-5.800000000000000034e-04,-2.243691530083378695e-11,-1.553055648049419473e-09,9.236562922850895176e-06
-5.749999999999999903e-04,-2.228188868330526668e-11,-1.542178028292898417e-09,9.243975560106146988e-06
-5.699999999999999772e-04,-2.212594624060117614e-11,-1.531240212890567227e-09,9.251333883156965404e-06
-5.649999999999999641e-04,-2.196909260829936393e-11,-1.520242519437456563e-09,9.258637652950107077e-06
-5.599999999999999509e-04,-2.181133249685282692e-11,-1.509185270200639956e-09,9.265886631765194297e-06
-5.549999999999999378e-04,-2.165267069150409706e-11,-1.498068792106789072e-09,9.273080583231963964e-06
-5.499999999999999247e-04,-2.149311205155401374e-11,-1.486893416729575346e-09,9.280219272347618219e-06
-5.449999999999999116e-04,-2.133266151101271488e-11,-1.475659480276170801e-09,9.287302465494000570e-06
-5.400000000000000069e-04,-2.117132407798566221e-11,-1.464367323573869234e-09,9.294329930454851653e-06
-5.349999999999999938e-04,-2.100910483434711161e-11,-1.453017292054546798e-09,9.301301436432817652e-06
-5.299999999999999807e-04,-2.084600893583523898e-11,-1.441609735740741590e-09,9.308216754066626431e-06
-5.249999999999999676e-04,-2.068204161120903634e-11,-1.430145009228837682e-09,9.315075655447935021e-06
-5.199999999999999544e-04,-2.051720816319977635e-11,-1.418623471673640073e-09,9.321877914138449852e-06
-5.150000000000000498e-04,-2.035151396688229368e-11,-1.407045486770616977e-09,9.328623305186623462e-06
-5.099999999999999282e-04,-2.018496447021761552e-11,-1.395411422738959990e-09,9.335311605144584995e-06
-5.050000000000000235e-04,-2.001756519399319771e-11,-1.383721652302963225e-09,9.341942592084769150e-06
-5.000000000000000104e-04,-1.984932173076744237e-11,-1.371976552673537890e-09,9.348516045616662025e-06
-4.949999999999999973e-04,-1.968023974511412969e-11,-1.360176505528794432e-09,9.355031746903280985e-06
-4.899999999999999842e-04,-1.951032497331842911e-11,-1.348321896993923847e-09,9.361489478677798536e-06
-4.849999999999999711e-04,-1.933958322279477094e-11,-1.336413117620719794e-09,9.367889025259895140e-06
-4.799999999999999580e-04,-1.916802037214185386e-11,-1.324450562366201349e-09,9.374230172572125587e-06
-4.749999999999999448e-04,-1.899564237047821212e-11,-1.312434630571256445e-09,9.380512708156183720e-06
-4.699999999999999317e-04,-1.882245523721039816e-11,-1.300365725937634050e-09,9.386736421189072297e-06
-4.650000000000000270e-04,-1.864846506187561150e-11,-1.288244256505222547e-09,9.392901102499206777e-06
-4.600000000000000139e-04,-1.847367800337903821e-11,-1.276070634628725933e-09,9.399006544582427634e-06
-4.550000000000000008e-04,-1.829810029009497374e-11,-1.263845276952945589e-09,9.405052541617889002e-06
-4.499999999999999877e-04,-1.812173821902826859e-11,-1.251568604388278162e-09,9.411038889483881246e-06
-4.449999999999999746e-04,-1.794459815602195063e-11,-1.239241042085237987e-09,9.416965385773560368e-06
-4.399999999999999615e-04,-1.776668653455491806e-11,-1.226863019408556610e-09,9.422831829810582541e-06
-4.349999999999999483e-04,-1.758800985605213219e-11,-1.214434969910354844e-09,9.428638022664555680e-06
-4.299999999999999352e-04,-1.740857468904689023e-11,-1.201957331303239548e-09,9.434383767166580807e-06
-4.249999999999999221e-04,-1.722838766907473940e-11,-1.189430545432415639e-09,9.440068867924473231e-06
-4.200000000000000174e-04,-1.704745549771312023e-11,-1.176855058247100393e-09,9.445693131337976953e-06
-4.150000000000000043e-04,-1.686578494290996404e-11,-1.164231319772161070e-09,9.451256365613968911e-06
-4.099999999999999912e-04,-1.668338283767571365e-11,-1.151559784078147611e-09,9.456758380781270194e-06
-4.049999999999999781e-04,-1.650025608026881856e-11,-1.138840909251131977e-09,9.462198988705692736e-06
-3.999999999999999650e-04,-1.631641163339336984e-11,-1.126075157362290651e-09,9.467578003104713317e-06
-3.949999999999999518e-04,-1.613185652370940912e-11,-1.113262994436720964e-09,9.472895239562169583e-06
-3.899999999999999387e-04,-1.594659784160338603e-11,-1.100404890421051178e-09,9.478150515542717205e-06
-3.849999999999999256e-04,-1.576064274027391681e-11,-1.087501319151976819e-09,9.483343650406302283e-06
-3.800000000000000209e-04,-1.557399843560770720e-11,-1.074552758322486473e-09,9.488474465422449099e-06
-3.750000000000000078e-04,-1.538667220528723141e-11,-1.061559689448740233e-09,9.493542783784337803e-06
-3.699999999999999947e-04,-1.519867138863853080e-11,-1.048522597835866405e-09,9.498548430622956641e-06
-3.649999999999999816e-04,-1.501000338577694320e-11,-1.035441972543688725e-09,9.503491233020905203e-06
-3.599999999999999685e-04,-1.482067565714967194e-11,-1.022318306350809142e-09,9.508371020026201061e-06
-3.549999999999999553e-04,-1.463069572304195909e-11,-1.009152095719685287e-09,9.513187622665933939e-06
-3.499999999999999422e-04,-1.444007116291802928e-11,-9.959438407599452213e-10,9.517940873959787748e-06
-3.449999999999999291e-04,-1.424880961484806034e-11,-9.826940451916461386e-10,9.522630608933340695e-06
-3.399999999999999160e-04,-1.405691877486505035e-11,-9.694032163080034700e-10,9.527256664631377257e-06
-3.350000000000000113e-04,-1.386440639660799265e-11,-9.560718649375816985e-10,9.531818880130912155e-06
-3.299999999999999982e-04,-1.367128029043689593e-11,-9.427005054056029854e-10,9.536317096554173679e-06
-3.249999999999999851e-04,-1.347754832284641660e-11,-9.292896554955021942e-10,9.540751157081400660e-06
-3.199999999999999720e-04,-1.328321841591133759e-11,-9.158398364091548054e-10,9.545120906963517468e-06
-3.149999999999999589e-04,-1.308829854677144162e-11,-9.023515727271158956e-10,9.549426193534607426e-06
-3.099999999999999457e-04,-1.289279674679368063e-11,-8.888253923680926304e-10,9.553666866224309979e-06
-3.049999999999999326e-04,-1.269672110079565998e-11,-8.752618265479294440e-10,9.557842776569999333e-06
-2.999999999999999195e-04,-1.250007974678993625e-11,-8.616614097384535294e-10,9.561953778228859762e-06
-2.950000000000000148e-04,-1.230288087507143024e-11,-8.480246796253033091e-10,9.565999726989788109e-06
-2.900000000000000017e-04,-1.210513272734402760e-11,-8.343521770655183682e-10,9.569980480785135363e-06
-2.849999999999999886e-04,-1.190684359650106583e-11,-8.206444460447350297e-10,9.573895899702295756e-06
-2.799999999999999755e-04,-1.170802182546262850e-11,-8.069020336338940983e-10,9.577745845995111221e-06
-2.749999999999999624e-04,-1.150867580683650457e-11,-7.931254899452510863e-10,9.581530184095182669e-06
-2.699999999999999492e-04,-1.130881398186973703e-11,-7.793153680880549450e-10,9.585248780622915296e-06
-2.649999999999999361e-04,-1.110844484011061618e-11,-7.654722241239795737e-10,9.588901504398509684e-06
-2.599999999999999230e-04,-1.090757691831287210e-11,-7.515966170217561683e-10,9.592488226452685238e-06
-2.549999999999999099e-04,-1.070621879991403391e-11,-7.376891086116258652e-10,9.596008820037324003e-06
-2.500000000000000052e-04,-1.050437911421900249e-11,-7.237502635391789269e-10,9.599463160635879003e-06
-2.449999999999999921e-04,-1.030206653573210214e-11,-7.097806492188511654e-10,9.602851125973611482e-06
-2.399999999999999790e-04,-1.009928978331066801e-11,-6.957808357871107922e-10,9.606172596027780713e-06
-2.349999999999999659e-04,-9.896057619388426903e-12,-6.817513960548019589e-10,9.609427453037381483e-06
-2.299999999999999527e-04,-9.692378849247991937e-12,-6.676929054596657271e-10,9.612615581513074713e-06
-2.249999999999999396e-04,-9.488262320299974634e-12,-6.536059420180205195e-10,9.615736868246616624e-06
-2.199999999999999265e-04,-9.283716921155405260e-12,-6.394910862761637084e-10,9.618791202320301466e-06
-2.149999999999999134e-04,-9.078751580941654459e-12,-6.253489212615128486e-10,9.621778475116136571e-06
-2.100000000000000087e-04,-8.873375268428310143e-12,-6.111800324331017088e-10,9.624698580324875122e-06
-2.049999999999999956e-04,-8.667596991392523162e-12,-5.969850076319063192e-10,9.627551413954898131e-06
-1.999999999999999825e-04,-8.461425795513066833e-12,-5.827644370308720944e-10,9.630336874340747456e-06
-1.949999999999999694e-04,-8.254870763820778813e-12,-5.685189130842482980e-10,9.633054862151743509e-06
-1.899999999999999563e-04,-8.047941015737170434e-12,-5.542490304767860209e-10,9.635705280400165906e-06
-1.849999999999999431e-04,-7.840645706256448478e-12,-5.399553860727926448e-10,9.638288034449361260e-06
-1.799999999999999300e-04,-7.632994025139737860e-12,-5.256385788643385480e-10,9.640803032021739177e-06
-1.749999999999999169e-04,-7.424995196115404770e-12,-5.112992099195388792e-10,9.643250183206348116e-06
-1.699999999999999038e-04,-7.216658475867414787e-12,-4.969378823304976329e-10,9.645629400466483439e-06
-1.649999999999999991e-04,-7.007993153343964980e-12,-4.825552011605534830e-10,9.647940598647031189e-06
-1.599999999999999860e-04,-6.799008548911174745e-12,-4.681517733917511252e-10,9.650183694981557752e-06
-1.549999999999999729e-04,-6.589714013298430526e-12,-4.537282078715461850e-10,9.652358609099262308e-06
-1.499999999999999598e-04,-6.380118926898022326e-12,-4.392851152595991518e-10,9.654465263031751396e-06
-1.449999999999999466e-04,-6.170232698904203789e-12,-4.248231079739372423e-10,9.656503581219581399e-06
-1.399999999999999335e-04,-5.960064766287953530e-12,-4.103428001370858148e-10,9.658473490518602821e-06
-1.349999999999999204e-04,-5.749624593081877492e-12,-3.958448075218280681e-10,9.660374920206070781e-06
-1.299999999999999073e-04,-5.538921669324002704e-12,-3.813297474967433151e-10,9.662207801986714853e-06
-1.250000000000000026e-04,-5.327965510299873044e-12,-3.667982389714508828e-10,9.663972069998365058e-06
-1.199999999999999895e-04,-5.116765655604629822e-12,-3.522509023416319671e-10,9.665667660817576162e-06
-1.149999999999999764e-04,-4.905331668210417338e-12,-3.376883594338278893e-10,9.667294513464970760e-06
-1.099999999999999633e-04,-4.693673133595620192e-12,-3.231112334500157898e-10,9.668852569410353663e-06
-1.049999999999999501e-04,-4.481799658828295464e-12,-3.085201489119377704e-10,9.670341772577677203e-06
-9.999999999999993703e-05,-4.269720871638024371e-12,-2.939157316052173475e-10,9.671762069349830357e-06
-9.499999999999992392e-05,-4.057446419533620744e-12,-2.792986085233136226e-10,9.673113408573045014e-06
-8.999999999999991080e-05,-3.844985968863453852e-12,-2.646694078112966792e-10,9.674395741561342898e-06
-8.499999999999989769e-05,-3.632349203873599879e-12,-2.500287587093309324e-10,9.675609022100562360e-06
-7.999999999999999299e-05,-3.419545825814719506e-12,-2.353772914961082278e-10,9.676753206452402118e-06
-7.499999999999997988e-05,-3.206585551996564620e-12,-2.207156374320718184e-10,9.677828253357916109e-06
-6.999999999999996676e-05,-2.993478114868877258e-12,-2.060444287024537093e-10,9.678834124041238744e-06
-6.499999999999995365e-05,-2.780233261095981295e-12,-1.913642983602154805e-10,9.679770782212698601e-06
-5.999999999999994053e-05,-2.566860750564605152e-12,-1.766758802688259223e-10,9.680638194072016821e-06
-5.499999999999992742e-05,-2.353370355530774234e-12,-1.619798090448962412e-10,9.681436328311027775e-06
-4.999999999999991430e-05,-2.139771859618948247e-12,-1.472767200006833038e-10,9.682165156116511546e-06
-4.499999999999990119e-05,-1.926075056896819678e-12,-1.325672490865681694e-10,9.682824651172511411e-06
-3.999999999999988808e-05,-1.712289750938945339e-12,-1.178520328333465418e-10,9.683414789662625908e-06
-3.499999999999998338e-05,-1.498425753853284041e-12,-1.031317082944219892e-10,9.683935550271982427e-06
-2.999999999999997027e-05,-1.284492885381107758e-12,-8.840691298799146028e-11,9.684386914189085436e-06
-2.499999999999995715e-05,-1.070500971923474670e-12,-7.367828483908776362e-11,9.684768865107425839e-06
-1.999999999999983562e-05,-8.564598455790824081e-13,-5.894646212157604706e-11,9.685081389226826069e-06
-1.500000000000003934e-05,-6.423793432081193122e-13,-4.421208340011468317e-11,9.685324475254631016e-06
-1.000000000000002623e-05,-4.282693054825932388e-13,-2.947578747204635464e-11,9.685498114406682112e-06
-5.000000000000013115e-06,-2.141395759349866128e-13,-1.473821330925258540e-11,9.685602300408037310e-06
0.000000000000000000e+00,0.000000000000000000e+00,0.000000000000000000e+00,9.685637029493535211e-06
5.000000000000013115e-06,2.141395759349866128e-13,1.473821330925258540e-11,9.685602300408037310e-06
1.000000000000002623e-05,4.282693054825932388e-13,2.947578747204635464e-11,9.685498114406682112e-06
1.500000000000003934e-05,6.423793432081193122e-13,4.421208340011468317e-11,9.685324475254631016e-06
2.000000000000005246e-05,8.564598455790759457e-13,5.894646212157743000e-11,9.685081389226826069e-06
2.500000000000006557e-05,1.070500971923293725e-12,7.367828483908666502e-11,9.684768865107425839e-06
3.000000000000007869e-05,1.284492885380177179e-12,8.840691298798970252e-11,9.684386914189085436e-06
3.500000000000009180e-05,1.498425753853361590e-12,1.031317082944202314e-10,9.683935550271982427e-06
4.000000000000010492e-05,1.712289750929755880e-12,1.178520328333465935e-10,9.683414789662625908e-06
4.500000000000011803e-05,1.926075056897362515e-12,1.325672490865705993e-10,9.682824651172511411e-06
5.000000000000013115e-05,2.139771859622386217e-12,1.472767200006873880e-10,9.682165156116511546e-06
5.500000000000014426e-05,2.353370355532945583e-12,1.619798090448956467e-10,9.681436328311027775e-06
6.000000000000015737e-05,2.566860750566259513e-12,1.766758802688348920e-10,9.680638194072016821e-06
6.500000000000017049e-05,2.780233261091302555e-12,1.913642983602195130e-10,9.679770782212698601e-06
6.999999999999996676e-05,2.993478114868877258e-12,2.060444287024537093e-10,9.678834124041238744e-06
7.499999999999997988e-05,3.206585551996564620e-12,2.207156374320718184e-10,9.677828253357916109e-06
7.999999999999999299e-05,3.419545825814719506e-12,2.353772914961082278e-10,9.676753206452402118e-06
8.500000000000000611e-05,3.632349203876236518e-12,2.500287587093388423e-10,9.675609022100562360e-06
9.000000000000001922e-05,3.844985968859938334e-12,2.646694078112926984e-10,9.674395741561342898e-06
9.500000000000003234e-05,4.057446419538687225e-12,2.792986085233166728e-10,9.673113408573045014e-06
1.000000000000000454e-04,4.269720871640195720e-12,2.939157316052101613e-10,9.671762069349830357e-06
1.050000000000000586e-04,4.481799658829587934e-12,3.085201489119342032e-10,9.670341772577677203e-06
1.100000000000000717e-04,4.693673133594482819e-12,3.231112334500127913e-10,9.668852569410353663e-06
1.150000000000000848e-04,4.905331668208452784e-12,3.376883594338320252e-10,9.667294513464970760e-06
1.200000000000000979e-04,5.116765655603699244e-12,3.522509023416224545e-10,9.665667660817576162e-06
1.250000000000001110e-04,5.327965510294548069e-12,3.667982389714472639e-10,9.663972069998365058e-06
1.300000000000001241e-04,5.538921669318470934e-12,3.813297474967290979e-10,9.662207801986714853e-06
1.350000000000001373e-04,5.749624593084979420e-12,3.958448075218232084e-10,9.660374920206070781e-06
1.400000000000001504e-04,5.960064766290435072e-12,4.103428001370945519e-10,9.658473490518602821e-06
1.450000000000001635e-04,6.170232698902601127e-12,4.248231079739361566e-10,9.656503581219581399e-06
1.500000000000001766e-04,6.380118926904071084e-12,4.392851152595990484e-10,9.654465263031751396e-06
1.549999999999999729e-04,6.589714013298430526e-12,4.537282078715461850e-10,9.652358609099262308e-06
1.599999999999999860e-04,6.799008548911174745e-12,4.681517733917511252e-10,9.650183694981557752e-06
1.649999999999999991e-04,7.007993153343964980e-12,4.825552011605534830e-10,9.647940598647031189e-06
1.700000000000000122e-04,7.216658475866897799e-12,4.969378823304994940e-10,9.645629400466483439e-06
1.750000000000000253e-04,7.424995196117576119e-12,5.112992099195416709e-10,9.643250183206348116e-06
1.800000000000000384e-04,7.632994025143046582e-12,5.256385788643355495e-10,9.640803032021739177e-06
1.850000000000000516e-04,7.840645706264616887e-12,5.399553860727923346e-10,9.638288034449361260e-06
1.900000000000000647e-04,8.047941015745855830e-12,5.542490304767832292e-10,9.635705280400165906e-06
1.950000000000000778e-04,8.254870763814988548e-12,5.685189130842354767e-10,9.633054862151743509e-06
2.000000000000000909e-04,8.461425795524543964e-12,5.827644370308763337e-10,9.630336874340747456e-06
2.050000000000001040e-04,8.667596991384458151e-12,5.969850076319060090e-10,9.627551413954898131e-06
2.100000000000001171e-04,8.873375268428103347e-12,6.111800324331058447e-10,9.624698580324875122e-06
2.150000000000001302e-04,9.078751580930797714e-12,6.253489212615071617e-10,9.621778475116136571e-06
2.200000000000001434e-04,9.283716921154578080e-12,6.394910862761699123e-10,9.618791202320301466e-06
2.250000000000001565e-04,9.488262320308660031e-12,6.536059420180308592e-10,9.615736868246613236e-06
2.300000000000001696e-04,9.692378849250576877e-12,6.676929054596524922e-10,9.612615581513074713e-06
2.350000000000001827e-04,9.896057619375088615e-12,6.817513960547948245e-10,9.609427453037381483e-06
2.399999999999999790e-04,1.009928978331066801e-11,6.957808357871107922e-10,9.606172596027780713e-06
2.449999999999999921e-04,1.030206653573210214e-11,7.097806492188511654e-10,9.602851125973611482e-06
2.500000000000000052e-04,1.050437911421900249e-11,7.237502635391789269e-10,9.599463160635879003e-06
2.550000000000000183e-04,1.070621879991558487e-11,7.376891086116277263e-10,9.596008820037324003e-06
2.600000000000000314e-04,1.090757691831866236e-11,7.515966170217473795e-10,9.592488226452683544e-06
2.650000000000000445e-04,1.110844484010854823e-11,7.654722241239939459e-10,9.588901504398509684e-06
2.700000000000000577e-04,1.130881398187687147e-11,7.793153680880610454e-10,9.585248780622915296e-06
2.750000000000000708e-04,1.150867580683826233e-11,7.931254899452451926e-10,9.581530184095182669e-06
2.800000000000000839e-04,1.170802182546469645e-11,8.069020336339018532e-10,9.577745845995111221e-06
2.850000000000000970e-04,1.190684359649072608e-11,8.206444460447416471e-10,9.573895899702295756e-06
2.900000000000001101e-04,1.210513272735157562e-11,8.343521770655150595e-10,9.569980480785135363e-06
2.950000000000001232e-04,1.230288087506553657e-11,8.480246796253007241e-10,9.565999726989788109e-06
3.000000000000001363e-04,1.250007974678745471e-11,8.616614097384566314e-10,9.561953778228858068e-06
3.050000000000001495e-04,1.269672110078749157e-11,8.752618265479344071e-10,9.557842776569999333e-06
3.100000000000001626e-04,1.289279674680867328e-11,8.888253923680808430e-10,9.553666866224309979e-06
3.150000000000001757e-04,1.308829854678188477e-11,9.023515727271086577e-10,9.549426193534607426e-06
3.200000000000001888e-04,1.328321841592808800e-11,9.158398364091509797e-10,9.545120906963517468e-06
3.249999999999999851e-04,1.347754832284641660e-11,9.292896554955021942e-10,9.540751157081400660e-06
3.299999999999999982e-04,1.367128029043689593e-11,9.427005054056029854e-10,9.536317096554173679e-06
3.350000000000000113e-04,1.386440639660799265e-11,9.560718649375816985e-10,9.531818880130912155e-06
3.400000000000000244e-04,1.405691877486298240e-11,9.694032163080129826e-10,9.527256664631377257e-06
3.450000000000000375e-04,1.424880961484164969e-11,9.826940451916523424e-10,9.522630608933340695e-06
3.500000000000000507e-04,1.444007116292381955e-11,9.959438407599536999e-10,9.517940873959787748e-06
3.550000000000000638e-04,1.463069572303637562e-11,1.009152095719697695e-09,9.513187622665933939e-06
3.600000000000000769e-04,1.482067565715194668e-11,1.022318306350821136e-09,9.508371020026201061e-06
3.650000000000000900e-04,1.501000338576412190e-11,1.035441972543681280e-09,9.503491233020905203e-06
3.700000000000001031e-04,1.519867138862798425e-11,1.048522597835876331e-09,9.498548430622956641e-06
3.750000000000001162e-04,1.538667220528702461e-11,1.061559689448728859e-09,9.493542783784337803e-06
3.800000000000001293e-04,1.557399843561391106e-11,1.074552758322493504e-09,9.488474465422449099e-06
3.850000000000001425e-04,1.576064274027970707e-11,1.087501319151978474e-09,9.483343650406302283e-06
3.900000000000001556e-04,1.594659784160007731e-11,1.100404890421042700e-09,9.478150515542717205e-06
3.950000000000001687e-04,1.613185652370630719e-11,1.113262994436725927e-09,9.472895239562169583e-06
4.000000000000001818e-04,1.631641163340453678e-11,1.126075157362276589e-09,9.467578003104713317e-06
4.050000000000001949e-04,1.650025608025682445e-11,1.138840909251112538e-09,9.462198988705692736e-06
4.099999999999999912e-04,1.668338283767571365e-11,1.151559784078147611e-09,9.456758380781270194e-06
4.150000000000000043e-04,1.686578494290996404e-11,1.164231319772161070e-09,9.451256365613968911e-06
4.200000000000000174e-04,1.704745549771312023e-11,1.176855058247100393e-09,9.445693131337976953e-06
4.250000000000000305e-04,1.722838766907246466e-11,1.189430545432405713e-09,9.440068867924473231e-06
4.300000000000000436e-04,1.740857468903013983e-11,1.201957331303244511e-09,9.434383767166580807e-06
4.350000000000000568e-04,1.758800985606205836e-11,1.214434969910380487e-09,9.428638022664555680e-06
4.400000000000000699e-04,1.776668653454271715e-11,1.226863019408570672e-09,9.422831829810582541e-06
4.450000000000000830e-04,1.794459815602484576e-11,1.239241042085235505e-09,9.416965385773560368e-06
4.500000000000000961e-04,1.812173821903405886e-11,1.251568604388285607e-09,9.411038889483881246e-06
4.550000000000001092e-04,1.829810029008546117e-11,1.263845276952959651e-09,9.405052541617889002e-06
4.600000000000001223e-04,1.847367800338338091e-11,1.276070634628732550e-09,9.399006544582427634e-06
4.650000000000001354e-04,1.864846506189070755e-11,1.288244256505220686e-09,9.392901102499206777e-06
4.700000000000001486e-04,1.882245523719406134e-11,1.300365725937625158e-09,9.386736421189072297e-06
4.750000000000001617e-04,1.899564237047097429e-11,1.312434630571262856e-09,9.380512708156183720e-06
4.800000000000001748e-04,1.916802037214867810e-11,1.324450562366216238e-09,9.374230172572125587e-06
4.850000000000001879e-04,1.933958322280014761e-11,1.336413117620718967e-09,9.367889025259895140e-06
4.900000000000002010e-04,1.951032497331512039e-11,1.348321896993925502e-09,9.361489478677798536e-06
4.949999999999999973e-04,1.968023974511412969e-11,1.360176505528794432e-09,9.355031746903280985e-06
5.000000000000000104e-04,1.984932173076744237e-11,1.371976552673537890e-09,9.348516045616662025e-06
5.050000000000000235e-04,2.001756519399319771e-11,1.383721652302963225e-09,9.341942592084769150e-06
5.100000000000000366e-04,2.018496447023291836e-11,1.395411422738967434e-09,9.335311605144584995e-06
5.150000000000000498e-04,2.035151396688229368e-11,1.407045486770616977e-09,9.328623305186623462e-06
5.200000000000000629e-04,2.051720816318571428e-11,1.418623471673644830e-09,9.321877914138449852e-06
5.250000000000000760e-04,2.068204161120469364e-11,1.430145009228822793e-09,9.315075655447935021e-06
5.300000000000000891e-04,2.084600893583213705e-11,1.441609735740768887e-09,9.308216754066626431e-06
5.350000000000001022e-04,2.100910483435724457e-11,1.453017292054545971e-09,9.301301436432817652e-06
5.400000000000001153e-04,2.117132407796498269e-11,1.464367323573867373e-09,9.294329930454851653e-06
5.450000000000001284e-04,2.133266151099327614e-11,1.475659480276190653e-09,9.287302465494000570e-06
5.500000000000001416e-04,2.149311205153788371e-11,1.486893416729566247e-09,9.280219272347614830e-06
5.550000000000001547e-04,2.165267069151567759e-11,1.498068792106774183e-09,9.273080583231963964e-06
5.600000000000001678e-04,2.181133249685861719e-11,1.509185270200605835e-09,9.265886631765194297e-06
5.650000000000001809e-04,2.196909260829936393e-11,1.520242519437438986e-09,9.258637652950107077e-06
5.700000000000001940e-04,2.212594624059559268e-11,1.531240212890568054e-09,9.251333883156960322e-06
5.750000000000002071e-04,2.228188868331291810e-11,1.542178028292903174e-09,9.243975560106146988e-06
5.800000000000000034e-04,2.243691530083378695e-11,1.553055648049419473e-09,9.236562922850895176e-06
5.850000000000000165e-04,2.259102153280870501e-11,1.563872759247858720e-09,9.229096211759885317e-06
5.900000000000000296e-04,2.274420289335139044e-11,1.574629053670612187e-09,9.221575668499799601e-06
5.950000000000000427e-04,2.289645497254941229e-11,1.585324227804180910e-09,9.214001536017879873e-06
6.000000000000000559e-04,2.304777343544882636e-11,1.595957982849571486e-09,9.206374058524382197e-06
6.050000000000000690e-04,2.319815402284144428e-11,1.606530024730722148e-09,9.198693481475053431e-06
6.100000000000000821e-04,2.334759255099413876e-11,1.617040064103618090e-09,9.190960051553534972e-06
6.150000000000000952e-04,2.349608491191230049e-11,1.627487816363753049e-09,9.183174016653725832e-06
6.200000000000001083e-04,2.364362707339319139e-11,1.637873001653573724e-09,9.175335625862105060e-06
6.250000000000001214e-04,2.379021507903504354e-11,1.648195344869500678e-09,9.167445129440106682e-06
6.300000000000001345e-04,2.393584504841159432e-11,1.658454575667522974e-09,9.159502778806342173e-06
6.350000000000001477e-04,2.408051317717796551e-11,1.668650428468983889e-09,9.151508826518814461e-06
6.400000000000001608e-04,2.422421573684773811e-11,1.678782642465925331e-09,9.143463526257319965e-06
6.450000000000001739e-04,2.436694907499726598e-11,1.688850961624832067e-09,9.135367132805440681e-06
6.500000000000001870e-04,2.450870961545675454e-11,1.698855134690653894e-09,9.127219902032836108e-06
6.550000000000002001e-04,2.464949385794671487e-11,1.708794915190358790e-09,9.119022090877414898e-06
6.600000000000002132e-04,2.478929837857489252e-11,1.718670061435072832e-09,9.110773957327509897e-06
6.650000000000000095e-04,2.492811982907277976e-11,1.728480336522331779e-09,9.102475760403912574e-06
6.700000000000000226e-04,2.506595493795490921e-11,1.738225508337808848e-09,9.094127760142078554e-06
6.750000000000000357e-04,2.520280050915814176e-11,1.747905349555641865e-09,9.085730217574250139e-06
6.800000000000000488e-04,2.533865342301339695e-11,1.757519637639791905e-09,9.077283394711489048e-06
6.850000000000000620e-04,2.547351063571584385e-11,1.767068154842548373e-09,9.068787554525873477e-06
6.900000000000000751e-04,2.560736917957243480e-11,1.776550688205056539e-09,9.060242960932476624e-06
6.950000000000000882e-04,2.574022616261292376e-11,1.785967029554823999e-09,9.051649878771570530e-06
7.000000000000001013e-04,2.587207876863267289e-11,1.795316975505054383e-09,9.043008573790643569e-06
7.050000000000001144e-04,2.600292425737111677e-11,1.804600327450946757e-09,9.034319312626538215e-06
7.100000000000001275e-04,2.613275996418481928e-11,1.813816891567860725e-09,9.025582362787536297e-06
7.150000000000001407e-04,2.626158329982144647e-11,1.822966478807208863e-09,9.016797992635442558e-06
7.200000000000001538e-04,2.638939175072189432e-11,1.832048904892375198e-09,9.007966471367734283e-06
7.250000000000001669e-04,2.651618287858064218e-11,1.841063990314359279e-09,8.999088068999646549e-06
7.300000000000001800e-04,2.664195432023987371e-11,1.850011560326616220e-09,8.990163056346340493e-06
7.350000000000001931e-04,2.676670378776226876e-11,1.858891444939468271e-09,8.981191705005020748e-06
7.400000000000002062e-04,2.689042906814024937e-11,1.867703478913606073e-09,8.972174287337115564e-06
7.450000000000002193e-04,2.701312802300108988e-11,1.876447501753914580e-09,8.963111076450445074e-06
7.500000000000000156e-04,2.713479858892083199e-11,1.885123357701779456e-09,8.954002346181442069e-06
7.550000000000000287e-04,2.725543877678818286e-11,1.893730895727834763e-09,8.944848371077330425e-06
7.600000000000000418e-04,2.737504667187689343e-11,1.902269969523313141e-09,8.935649426378433974e-06
7.650000000000000550e-04,2.749362043357113441e-11,1.910740437491406726e-09,8.926405788000363401e-06
7.700000000000000681e-04,2.761115829526954339e-11,1.919142162738485806e-09,8.917117732516392878e-06
7.750000000000000812e-04,2.772765856391786774e-11,1.927475013063938560e-09,8.907785537139699473e-06
7.800000000000000943e-04,2.784311962032618841e-11,1.935738860949669999e-09,8.898409479705810936e-06
7.850000000000001074e-04,2.795753991846333486e-11,1.943933583550222949e-09,8.888989838654901018e-06
7.900000000000001205e-04,2.807091798550775666e-11,1.952059062681302160e-09,8.879526893014269437e-06
7.950000000000001336e-04,2.818325242132598611e-11,1.960115184807496879e-09,8.870020922380764255e-06
8.000000000000001468e-04,2.829454189871955168e-11,1.968101841031032848e-09,8.860472206903285562e-06
8.050000000000001599e-04,2.840478516279756148e-11,1.976018927078698712e-09,8.850881027265351846e-06
8.100000000000001730e-04,2.851398103066940567e-11,1.983866343288823304e-09,8.841247664667576574e-06
8.150000000000001861e-04,2.862212839170325044e-11,1.991643994597907992e-09,8.831572400810402273e-06
8.200000000000001992e-04,2.872922620668810400e-11,1.999351790526647325e-09,8.821855517876661817e-06
8.250000000000002123e-04,2.883527350771098027e-11,2.006989645165531543e-09,8.812097298514309115e-06
8.300000000000002254e-04,2.894026939822100541e-11,2.014557477159722403e-09,8.802298025819239595e-06
8.350000000000000217e-04,2.904421305216584120e-11,2.022055209694041513e-09,8.792457983317959904e-06
8.400000000000000348e-04,2.914710371436019409e-11,2.029482770477150492e-09,8.782577454950562550e-06
8.450000000000000479e-04,2.924894069960114543e-11,2.036840091725680280e-09,8.772656725053541295e-06
8.500000000000000611e-04,2.934972339261852073e-11,2.044127110146863231e-09,8.762696078342806452e-06
8.550000000000000742e-04,2.944945124758354432e-11,2.051343766922582595e-09,8.752695799896659522e-06
8.600000000000000873e-04,2.954812378856999253e-11,2.058490007691305653e-09,8.742656175138869475e-06
8.650000000000001004e-04,2.964574060785681914e-11,2.065565782530453184e-09,8.732577489821830347e-06
8.700000000000001135e-04,2.974230136682564628e-11,2.072571045937955825e-09,8.722460030009693429e-06
8.750000000000001266e-04,2.983780579495822154e-11,2.079505756814378693e-09,8.712304082061663772e-06
8.800000000000001397e-04,2.993225368970985938e-11,2.086369878442830001e-09,8.702109932615254351e-06
8.850000000000001529e-04,3.002564491620752013e-11,2.093163378470530639e-09,8.691877868569740118e-06
8.900000000000001660e-04,3.011797940667905544e-11,2.099886228888735199e-09,8.681608177069520587e-06
8.950000000000001791e-04,3.020925716050407986e-11,2.106538406012531806e-09,8.671301145487683999e-06
9.000000000000001922e-04,3.029947824308652365e-11,2.113119890459973182e-09,8.660957061409524070e-06
9.050000000000002053e-04,3.038864278644275821e-11,2.119630667132119669e-09,8.650576212616261704e-06
9.100000000000002184e-04,3.047675098814900875e-11,2.126070725191243024e-09,8.640158887068651522e-06
9.150000000000002316e-04,3.056380311126814880e-11,2.132440058039293250e-09,8.629705372890917030e-06
9.200000000000002447e-04,3.064979948350556242e-11,2.138738663295748770e-09,8.619215958354472349e-06
9.250000000000000409e-04,3.073474049754704744e-11,2.144966542775966210e-09,8.608690931861928529e-06
9.300000000000000541e-04,3.081862661025893183e-11,2.151123702468182718e-09,8.598130581931084630e-06
9.350000000000000672e-04,3.090145834200689047e-11,2.157210152510578653e-09,8.587535197179039083e-06
9.400000000000000803e-04,3.098323627670144007e-11,2.163225907168124801e-09,8.576905066306358635e-06
9.450000000000000934e-04,3.106396106132851419e-11,2.169170984809279045e-09,8.566240478081276109e-06
9.500000000000001065e-04,3.114363340519135219e-11,2.175045407881471209e-09,8.555541721324088055e-06
9.550000000000001196e-04,3.122225407992414772e-11,2.180849202887586318e-09,8.544809084891504970e-06
9.600000000000003496e-04,3.129982391874717257e-11,2.186582400361014346e-09,8.534042857661218356e-06
9.650000000000001459e-04,3.137634381609123669e-11,2.192245034841414239e-09,8.523243328516388160e-06
9.699999999999999421e-04,3.145181472736400964e-11,2.197837144848927384e-09,8.512410786330382628e-06
9.750000000000001721e-04,3.152623766816750777e-11,2.203358772859500336e-09,8.501545519951499526e-06
9.799999999999999684e-04,3.159961371423564203e-11,2.208809965278582121e-09,8.490647818187797472e-06
9.850000000000001983e-04,3.167194400071208935e-11,2.214190772416311718e-09,8.479717969792052631e-06
9.899999999999999946e-04,3.174322972167425015e-11,2.219501248460113151e-09,8.468756263446717105e-06
9.950000000000002245e-04,3.181347212987061854e-11,2.224741451448972237e-09,8.457762987749107715e-06
1.000000000000000021e-03,3.188267253617980616e-11,2.229911443246908907e-09,8.446738431196535490e-06
